elapsed_sec	epoch	label	pid	rss_kb	pcpu	pmem	fds
0	1784112198	workbench	667581	112452	28.7	0.1	19
0	1784112198	rviz	667863	188596	40.2	0.2	50
0	1784112198	sim	667881	68620	46.6	0.1	19
0	1784112198	rtabmap	667579	271064	27.9	0.4	20
0	1784112198	map_products	667573	136920	35.2	0.2	19
0	1784112198	mapping_manager	667575	64924	29.7	0.1	19
0	1784112198	safety	667592	23876	2.3	0.0	19
30	1784112228	workbench	667581	115672	29.4	0.1	19
30	1784112228	rviz	667863	194592	40.0	0.3	50
30	1784112228	sim	667881	68676	45.8	0.1	19
30	1784112228	rtabmap	667579	287552	28.5	0.4	20
30	1784112228	map_products	667573	159520	36.3	0.2	19
30	1784112228	mapping_manager	667575	64992	30.4	0.1	19
30	1784112228	safety	667592	24100	2.2	0.0	19
61	1784112259	workbench	667581	116728	29.8	0.1	19
61	1784112259	rviz	667863	197300	40.1	0.3	50
61	1784112259	sim	667881	68496	45.5	0.1	19
61	1784112259	rtabmap	667579	296960	28.9	0.4	20
61	1784112259	map_products	667573	173584	36.5	0.2	19
61	1784112259	mapping_manager	667575	64800	30.3	0.1	19
61	1784112259	safety	667592	23972	2.0	0.0	19
91	1784112289	workbench	667581	117844	30.7	0.1	19
91	1784112289	rviz	667863	198356	41.3	0.3	50
91	1784112289	sim	667881	68500	45.4	0.1	19
91	1784112289	rtabmap	667579	306084	29.5	0.4	20
91	1784112289	map_products	667573	190480	37.2	0.2	19
91	1784112289	mapping_manager	667575	64800	30.5	0.1	19
91	1784112289	safety	667592	23972	1.8	0.0	19
122	1784112320	workbench	667581	118372	31.4	0.1	19
122	1784112320	rviz	667863	198884	42.5	0.3	50
122	1784112320	sim	667881	68312	45.1	0.1	19
122	1784112320	rtabmap	667579	314768	29.4	0.4	20
122	1784112320	map_products	667573	210440	37.4	0.3	19
122	1784112320	mapping_manager	667575	64800	30.3	0.1	19
122	1784112320	safety	667592	23972	1.8	0.0	19
152	1784112350	workbench	667581	119164	31.8	0.1	19
152	1784112350	rviz	667863	200204	43.0	0.3	50
152	1784112350	sim	667881	68500	44.9	0.1	19
152	1784112350	rtabmap	667579	322740	29.7	0.5	20
152	1784112350	map_products	667573	226280	37.9	0.3	19
152	1784112350	mapping_manager	667575	64800	30.3	0.1	19
152	1784112350	safety	667592	23972	1.7	0.0	19
183	1784112381	workbench	667581	119428	32.6	0.1	19
183	1784112381	rviz	667863	200468	43.9	0.3	50
183	1784112381	sim	667881	68500	44.8	0.1	19
183	1784112381	rtabmap	667579	331700	29.8	0.5	20
183	1784112381	map_products	667573	241592	38.1	0.3	19
183	1784112381	mapping_manager	667575	64800	30.2	0.1	19
183	1784112381	safety	667592	23972	1.7	0.0	19
213	1784112411	workbench	667581	121332	33.1	0.1	19
213	1784112411	rviz	667863	202792	44.8	0.3	50
213	1784112411	sim	667881	68500	44.7	0.1	19
213	1784112411	rtabmap	667579	341064	29.9	0.5	20
213	1784112411	map_products	667573	256112	38.5	0.3	19
213	1784112411	mapping_manager	667575	64800	30.2	0.1	19
213	1784112411	safety	667592	23972	1.7	0.0	19
244	1784112442	workbench	667581	121860	33.8	0.1	19
244	1784112442	rviz	667863	203584	45.8	0.3	50
244	1784112442	sim	667881	68520	44.7	0.1	19
244	1784112442	rtabmap	667579	352524	30.0	0.5	20
244	1784112442	map_products	667573	270104	38.8	0.4	19
244	1784112442	mapping_manager	667575	64800	30.1	0.1	19
244	1784112442	safety	667592	23972	1.6	0.0	19
274	1784112472	workbench	667581	122124	34.4	0.1	19
274	1784112472	rviz	667863	203848	46.4	0.3	50
274	1784112472	sim	667881	68520	44.5	0.1	19
274	1784112472	rtabmap	667579	357832	30.0	0.5	20
274	1784112472	map_products	667573	294188	39.2	0.4	19
274	1784112472	mapping_manager	667575	64800	30.0	0.1	19
274	1784112472	safety	667592	23972	1.6	0.0	19
305	1784112503	workbench	667581	123444	35.0	0.1	19
305	1784112503	rviz	667863	204376	47.0	0.3	50
305	1784112503	sim	667881	68520	44.5	0.1	19
305	1784112503	rtabmap	667579	367804	30.2	0.5	20
305	1784112503	map_products	667573	307124	39.5	0.4	19
305	1784112503	mapping_manager	667575	64800	29.9	0.1	19
305	1784112503	safety	667592	23972	1.6	0.0	19
335	1784112533	workbench	667581	125820	35.4	0.1	19
335	1784112533	rviz	667863	205168	47.3	0.3	50
335	1784112533	sim	667881	68520	44.3	0.1	19
335	1784112533	rtabmap	667579	374860	30.4	0.5	20
335	1784112533	map_products	667573	320852	39.8	0.4	19
335	1784112533	mapping_manager	667575	64800	29.9	0.1	19
335	1784112533	safety	667592	23972	1.6	0.0	19
365	1784112563	workbench	667581	126812	35.9	0.1	19
365	1784112563	rviz	667863	205332	47.8	0.3	50
365	1784112563	sim	667881	68456	44.3	0.1	19
365	1784112563	rtabmap	667579	380240	30.7	0.5	20
365	1784112563	map_products	667573	331348	40.1	0.5	19
365	1784112563	mapping_manager	667575	64736	29.8	0.1	19
365	1784112563	safety	667592	23908	1.6	0.0	19
396	1784112594	workbench	667581	128924	36.3	0.2	19
396	1784112594	rviz	667863	205332	48.0	0.3	50
396	1784112594	sim	667881	68376	44.2	0.1	19
396	1784112594	rtabmap	667579	384804	30.8	0.5	20
396	1784112594	map_products	667573	339532	40.3	0.5	19
396	1784112594	mapping_manager	667575	64736	29.7	0.1	19
396	1784112594	safety	667592	23908	1.6	0.0	19
426	1784112624	workbench	667581	130508	36.9	0.2	19
426	1784112624	rviz	667863	206384	48.3	0.3	50
426	1784112624	sim	667881	68248	44.1	0.1	19
426	1784112624	rtabmap	667579	390908	30.8	0.6	20
426	1784112624	map_products	667573	346660	40.6	0.5	19
426	1784112624	mapping_manager	667575	64736	29.6	0.1	19
426	1784112624	safety	667592	23908	1.6	0.0	19
457	1784112655	workbench	667581	130772	37.3	0.2	19
457	1784112655	rviz	667863	206384	48.4	0.3	50
457	1784112655	sim	667881	68248	43.9	0.1	19
457	1784112655	rtabmap	667579	393348	30.8	0.6	20
457	1784112655	map_products	667573	353260	40.8	0.5	19
457	1784112655	mapping_manager	667575	64736	29.5	0.1	19
457	1784112655	safety	667592	23908	1.6	0.0	19
487	1784112685	workbench	667581	132356	37.7	0.2	19
487	1784112685	rviz	667863	206384	48.5	0.3	50
487	1784112685	sim	667881	68508	43.7	0.1	19
487	1784112685	rtabmap	667579	396208	30.8	0.6	20
487	1784112685	map_products	667573	358276	41.1	0.5	19
487	1784112685	mapping_manager	667575	64736	29.4	0.1	19
487	1784112685	safety	667592	23908	1.6	0.0	19
518	1784112716	workbench	667581	132620	38.2	0.2	19
518	1784112716	rviz	667863	207176	48.7	0.3	50
518	1784112716	sim	667881	68312	43.6	0.1	19
518	1784112716	rtabmap	667579	402208	30.8	0.6	20
518	1784112716	map_products	667573	363028	41.3	0.5	19
518	1784112716	mapping_manager	667575	64988	29.3	0.1	19
518	1784112716	safety	667592	23908	1.6	0.0	19
548	1784112746	workbench	667581	132620	38.6	0.2	19
548	1784112746	rviz	667863	207176	48.9	0.3	50
548	1784112746	sim	667881	68456	43.5	0.1	19
548	1784112746	rtabmap	667579	401164	30.7	0.6	20
548	1784112746	map_products	667573	364144	41.4	0.5	19
548	1784112746	mapping_manager	667575	64988	29.2	0.1	19
548	1784112746	safety	667592	23908	1.6	0.0	19
579	1784112777	workbench	667581	133412	39.1	0.2	19
579	1784112777	rviz	667863	207440	49.1	0.3	50
579	1784112777	sim	667881	68436	43.5	0.1	19
579	1784112777	rtabmap	667579	403240	30.6	0.6	20
579	1784112777	map_products	667573	365464	41.4	0.5	19
579	1784112777	mapping_manager	667575	65296	29.1	0.1	19
579	1784112777	safety	667592	23908	1.6	0.0	19
609	1784112807	workbench	667581	133412	39.6	0.2	19
609	1784112807	rviz	667863	208496	49.0	0.3	50
609	1784112807	sim	667881	68492	43.3	0.1	19
609	1784112807	rtabmap	667579	403136	30.5	0.6	20
609	1784112807	map_products	667573	365992	41.5	0.5	19
609	1784112807	mapping_manager	667575	65540	29.0	0.1	19
609	1784112807	safety	667592	23908	1.6	0.0	19
640	1784112838	workbench	667581	133676	40.1	0.2	19
640	1784112838	rviz	667863	208496	49.0	0.3	50
640	1784112838	sim	667881	68432	43.3	0.1	19
640	1784112838	rtabmap	667579	401604	30.4	0.6	20
640	1784112838	map_products	667573	366520	41.6	0.5	19
640	1784112838	mapping_manager	667575	65540	29.0	0.1	19
640	1784112838	safety	667592	23908	1.6	0.0	19
670	1784112868	workbench	667581	134404	40.5	0.2	19
670	1784112868	rviz	667863	208760	48.8	0.3	50
670	1784112868	sim	667881	68552	43.2	0.1	19
670	1784112868	rtabmap	667579	405836	30.6	0.6	20
670	1784112868	map_products	667573	366984	41.7	0.5	19
670	1784112868	mapping_manager	667575	65476	28.9	0.1	19
670	1784112868	safety	667592	23844	1.6	0.0	19
700	1784112898	workbench	667581	135724	41.0	0.2	19
700	1784112898	rviz	667863	209552	48.5	0.3	50
700	1784112898	sim	667881	68492	43.1	0.1	19
700	1784112898	rtabmap	667579	406404	31.0	0.6	20
700	1784112898	map_products	667573	367776	41.8	0.5	19
700	1784112898	mapping_manager	667575	65476	28.9	0.1	19
700	1784112898	safety	667592	23844	1.6	0.0	19
731	1784112929	workbench	667581	135724	41.4	0.2	19
731	1784112929	rviz	667863	210872	48.2	0.3	50
731	1784112929	sim	667881	68596	43.0	0.1	19
731	1784112929	rtabmap	667579	408144	31.2	0.6	20
731	1784112929	map_products	667573	368304	41.9	0.5	19
731	1784112929	mapping_manager	667575	65476	28.8	0.1	19
731	1784112929	safety	667592	23844	1.6	0.0	19
761	1784112959	workbench	667581	135988	41.9	0.2	19
761	1784112959	rviz	667863	210872	47.9	0.3	50
761	1784112959	sim	667881	68364	43.0	0.1	19
761	1784112959	rtabmap	667579	408900	31.3	0.6	20
761	1784112959	map_products	667573	369360	42.1	0.5	19
761	1784112959	mapping_manager	667575	65476	28.8	0.1	19
761	1784112959	safety	667592	23844	1.6	0.0	19
792	1784112990	workbench	667581	136516	42.4	0.2	19
792	1784112990	rviz	667863	210872	47.6	0.3	50
792	1784112990	sim	667881	68596	42.9	0.1	19
792	1784112990	rtabmap	667579	414592	31.3	0.6	20
792	1784112990	map_products	667573	369888	42.2	0.5	19
792	1784112990	mapping_manager	667575	65476	28.7	0.1	19
792	1784112990	safety	667592	23844	1.6	0.0	19
822	1784113020	workbench	667581	136516	42.8	0.2	19
822	1784113020	rviz	667863	210872	47.4	0.3	50
822	1784113020	sim	667881	68584	42.8	0.1	19
822	1784113020	rtabmap	667579	415372	31.3	0.6	20
822	1784113020	map_products	667573	370680	42.4	0.5	19
822	1784113020	mapping_manager	667575	65736	28.7	0.1	19
822	1784113020	safety	667592	23844	1.5	0.0	19
853	1784113051	workbench	667581	136516	43.3	0.2	19
853	1784113051	rviz	667863	210872	47.2	0.3	50
853	1784113051	sim	667881	68568	42.8	0.1	19
853	1784113051	rtabmap	667579	416920	31.2	0.6	20
853	1784113051	map_products	667573	371208	42.5	0.5	19
853	1784113051	mapping_manager	667575	65736	28.6	0.1	19
853	1784113051	safety	667592	23844	1.5	0.0	19
883	1784113081	workbench	667581	136516	43.7	0.2	19
883	1784113081	rviz	667863	210872	46.9	0.3	50
883	1784113081	sim	667881	68552	42.7	0.1	19
883	1784113081	rtabmap	667579	418372	31.1	0.6	20
883	1784113081	map_products	667573	371736	42.7	0.5	19
883	1784113081	mapping_manager	667575	65736	28.6	0.1	19
883	1784113081	safety	667592	23844	1.5	0.0	19
914	1784113112	workbench	667581	136780	44.1	0.2	19
914	1784113112	rviz	667863	211136	46.7	0.3	50
914	1784113112	sim	667881	68604	42.7	0.1	19
914	1784113112	rtabmap	667579	417112	31.3	0.6	20
914	1784113112	map_products	667573	372264	42.9	0.5	19
914	1784113112	mapping_manager	667575	65736	28.5	0.1	19
914	1784113112	safety	667592	23844	1.5	0.0	19
944	1784113142	workbench	667581	138892	44.4	0.2	19
944	1784113142	rviz	667863	213248	46.5	0.3	50
944	1784113142	sim	667881	68604	42.6	0.1	19
944	1784113142	rtabmap	667579	419324	31.6	0.6	20
944	1784113142	map_products	667573	373320	43.1	0.5	19
944	1784113142	mapping_manager	667575	65736	28.5	0.1	19
944	1784113142	safety	667592	23844	1.5	0.0	19
975	1784113173	workbench	667581	140212	44.8	0.2	19
975	1784113173	rviz	667863	213248	46.4	0.3	50
975	1784113173	sim	667881	68664	42.6	0.1	19
975	1784113173	rtabmap	667579	427772	31.9	0.6	20
975	1784113173	map_products	667573	375168	43.2	0.5	19
975	1784113173	mapping_manager	667575	65736	28.4	0.1	19
975	1784113173	safety	667592	23844	1.5	0.0	19
1005	1784113203	workbench	667581	143908	45.1	0.2	19
1005	1784113203	rviz	667863	215888	46.2	0.3	50
1005	1784113203	sim	667881	68452	42.5	0.1	19
1005	1784113203	rtabmap	667579	429412	32.3	0.6	20
1005	1784113203	map_products	667573	377068	43.4	0.5	19
1005	1784113203	mapping_manager	667575	65788	28.3	0.1	19
1005	1784113203	safety	667592	23844	1.5	0.0	19
1035	1784113233	workbench	667581	146748	45.6	0.2	19
1035	1784113233	rviz	667863	215888	46.1	0.3	50
1035	1784113233	sim	667881	68336	42.5	0.1	19
1035	1784113233	rtabmap	667579	450332	32.7	0.6	20
1035	1784113233	map_products	667573	378272	43.5	0.5	19
1035	1784113233	mapping_manager	667575	65936	28.3	0.1	19
1035	1784113233	safety	667592	23780	1.5	0.0	19
1066	1784113264	workbench	667581	149388	46.1	0.2	19
1066	1784113264	rviz	667863	220344	46.0	0.3	50
1066	1784113264	sim	667881	68336	42.4	0.1	19
1066	1784113264	rtabmap	667579	473572	33.2	0.7	20
1066	1784113264	map_products	667573	379856	43.7	0.5	19
1066	1784113264	mapping_manager	667575	65936	28.2	0.1	19
1066	1784113264	safety	667592	23780	1.5	0.0	19
1096	1784113294	workbench	667581	150972	46.5	0.2	19
1096	1784113294	rviz	667863	219952	45.8	0.3	50
1096	1784113294	sim	667881	68500	42.3	0.1	19
1096	1784113294	rtabmap	667579	480140	33.5	0.7	20
1096	1784113294	map_products	667573	380912	43.9	0.5	19
1096	1784113294	mapping_manager	667575	65936	28.2	0.1	19
1096	1784113294	safety	667592	23780	1.5	0.0	19
1127	1784113325	workbench	667581	152556	47.0	0.2	19
1127	1784113325	rviz	667863	221536	45.6	0.3	50
1127	1784113325	sim	667881	68336	42.2	0.1	19
1127	1784113325	rtabmap	667579	483744	33.8	0.7	20
1127	1784113325	map_products	667573	383024	44.1	0.5	19
1127	1784113325	mapping_manager	667575	65936	28.1	0.1	19
1127	1784113325	safety	667592	23780	1.5	0.0	19
1157	1784113355	workbench	667581	154404	47.4	0.2	19
1157	1784113355	rviz	667863	223120	45.4	0.3	50
1157	1784113355	sim	667881	68716	42.1	0.1	19
1157	1784113355	rtabmap	667579	493052	34.1	0.7	20
1157	1784113355	map_products	667573	387248	44.3	0.6	19
1157	1784113355	mapping_manager	667575	65936	28.0	0.1	19
1157	1784113355	safety	667592	23780	1.5	0.0	19
1188	1784113386	workbench	667581	156780	47.8	0.2	19
1188	1784113386	rviz	667863	223120	45.3	0.3	50
1188	1784113386	sim	667881	68708	42.0	0.1	19
1188	1784113386	rtabmap	667579	506096	34.9	0.7	20
1188	1784113386	map_products	667573	389096	44.4	0.6	19
1188	1784113386	mapping_manager	667575	65936	27.9	0.1	19
1188	1784113386	safety	667592	23780	1.5	0.0	19
1218	1784113416	workbench	667581	159684	48.3	0.2	19
1218	1784113416	rviz	667863	221352	45.1	0.3	50
1218	1784113416	sim	667881	68544	42.0	0.1	19
1218	1784113416	rtabmap	667579	517760	35.4	0.8	20
1218	1784113416	map_products	667573	390152	44.6	0.6	19
1218	1784113416	mapping_manager	667575	65936	27.9	0.1	19
1218	1784113416	safety	667592	23780	1.5	0.0	19
1249	1784113447	workbench	667581	161532	48.8	0.2	19
1249	1784113447	rviz	667863	227248	45.0	0.3	50
1249	1784113447	sim	667881	68544	41.9	0.1	19
1249	1784113447	rtabmap	667579	517924	35.9	0.8	20
1249	1784113447	map_products	667573	392264	44.8	0.6	19
1249	1784113447	mapping_manager	667575	65936	27.8	0.1	19
1249	1784113447	safety	667592	23780	1.5	0.0	19
1279	1784113477	workbench	667581	165492	49.2	0.2	19
1279	1784113477	rviz	667863	229888	44.8	0.3	50
1279	1784113477	sim	667881	68336	41.8	0.1	19
1279	1784113477	rtabmap	667579	526416	36.3	0.8	20
1279	1784113477	map_products	667573	393584	45.0	0.6	19
1279	1784113477	mapping_manager	667575	65936	27.7	0.1	19
1279	1784113477	safety	667592	23780	1.5	0.0	19
1309	1784113507	workbench	667581	172868	49.6	0.2	19
1309	1784113507	rviz	667863	227684	44.8	0.3	50
1309	1784113507	sim	667881	68336	41.7	0.1	19
1309	1784113507	rtabmap	667579	529532	36.7	0.8	20
1309	1784113507	map_products	667573	397016	45.3	0.6	19
1309	1784113507	mapping_manager	667575	65936	27.7	0.1	19
1309	1784113507	safety	667592	23780	1.5	0.0	19
1340	1784113538	workbench	667581	174452	50.0	0.2	19
1340	1784113538	rviz	667863	220268	44.8	0.3	50
1340	1784113538	sim	667881	68336	41.6	0.1	19
1340	1784113538	rtabmap	667579	509356	36.9	0.7	20
1340	1784113538	map_products	667573	397544	45.4	0.6	19
1340	1784113538	mapping_manager	667575	66008	27.6	0.1	19
1340	1784113538	safety	667592	23780	1.5	0.0	19
1370	1784113568	workbench	667581	177292	50.5	0.2	19
1370	1784113568	rviz	667863	230756	44.8	0.3	50
1370	1784113568	sim	667881	68336	41.5	0.1	19
1370	1784113568	rtabmap	667579	512484	36.9	0.7	20
1370	1784113568	map_products	667573	399856	45.7	0.6	19
1370	1784113568	mapping_manager	667575	65944	27.5	0.1	19
1370	1784113568	safety	667592	23780	1.5	0.0	19
1401	1784113599	workbench	667581	177556	51.0	0.2	19
1401	1784113599	rviz	667863	228152	44.8	0.3	50
1401	1784113599	sim	667881	68336	41.4	0.1	19
1401	1784113599	rtabmap	667579	520472	36.9	0.8	20
1401	1784113599	map_products	667573	400384	45.9	0.6	19
1401	1784113599	mapping_manager	667575	65944	27.5	0.1	19
1401	1784113599	safety	667592	23780	1.5	0.0	19
1431	1784113629	workbench	667581	177556	51.4	0.2	19
1431	1784113629	rviz	667863	230564	44.8	0.3	50
1431	1784113629	sim	667881	68336	41.3	0.1	19
1431	1784113629	rtabmap	667579	527808	37.1	0.8	20
1431	1784113629	map_products	667573	400912	46.1	0.6	19
1431	1784113629	mapping_manager	667575	65944	27.4	0.1	19
1431	1784113629	safety	667592	23780	1.5	0.0	19
1462	1784113660	workbench	667581	179140	51.9	0.2	19
1462	1784113660	rviz	667863	233836	44.9	0.3	50
1462	1784113660	sim	667881	68336	41.2	0.1	19
1462	1784113660	rtabmap	667579	542116	37.5	0.8	20
1462	1784113660	map_products	667573	401440	46.3	0.6	19
1462	1784113660	mapping_manager	667575	65944	27.3	0.1	19
1462	1784113660	safety	667592	23780	1.5	0.0	19
1492	1784113690	workbench	667581	182244	52.3	0.2	19
1492	1784113690	rviz	667863	228504	44.9	0.3	50
1492	1784113690	sim	667881	68336	41.2	0.1	19
1492	1784113690	rtabmap	667579	565136	38.1	0.8	20
1492	1784113690	map_products	667573	401968	46.6	0.6	19
1492	1784113690	mapping_manager	667575	65944	27.3	0.1	19
1492	1784113690	safety	667592	23780	1.5	0.0	19
1523	1784113721	workbench	667581	182508	52.7	0.2	19
1523	1784113721	rviz	667863	235776	45.0	0.3	50
1523	1784113721	sim	667881	68336	41.1	0.1	19
1523	1784113721	rtabmap	667579	563356	38.7	0.8	20
1523	1784113721	map_products	667573	402496	46.8	0.6	19
1523	1784113721	mapping_manager	667575	65944	27.2	0.1	19
1523	1784113721	safety	667592	23780	1.5	0.0	19
1553	1784113751	workbench	667581	187784	53.1	0.2	19
1553	1784113751	rviz	667863	238800	45.0	0.3	50
1553	1784113751	sim	667881	68336	41.0	0.1	19
1553	1784113751	rtabmap	667579	570600	38.7	0.8	20
1553	1784113751	map_products	667573	403024	47.0	0.6	19
1553	1784113751	mapping_manager	667575	65944	27.2	0.1	19
1553	1784113751	safety	667592	23780	1.5	0.0	19
1584	1784113782	workbench	667581	188048	53.5	0.2	19
1584	1784113782	rviz	667863	226928	45.1	0.3	50
1584	1784113782	sim	667881	68336	40.9	0.1	19
1584	1784113782	rtabmap	667579	604248	38.6	0.9	20
1584	1784113782	map_products	667573	403552	47.3	0.6	19
1584	1784113782	mapping_manager	667575	65944	27.1	0.1	19
1584	1784113782	safety	667592	23780	1.5	0.0	19
1614	1784113812	workbench	667581	188512	53.9	0.2	19
1614	1784113812	rviz	667863	227316	45.2	0.3	50
1614	1784113812	sim	667881	68336	40.8	0.1	19
1614	1784113812	rtabmap	667579	609720	38.5	0.9	20
1614	1784113812	map_products	667573	404016	47.5	0.6	19
1614	1784113812	mapping_manager	667575	65920	27.0	0.1	19
1614	1784113812	safety	667592	23780	1.5	0.0	19
1644	1784113842	workbench	667581	188512	54.4	0.2	19
1644	1784113842	rviz	667863	232372	45.3	0.3	50
1644	1784113842	sim	667881	68336	40.8	0.1	19
1644	1784113842	rtabmap	667579	614636	38.5	0.9	20
1644	1784113842	map_products	667573	404544	47.8	0.6	19
1644	1784113842	mapping_manager	667575	65920	27.0	0.1	19
1644	1784113842	safety	667592	23780	1.5	0.0	19
1675	1784113873	workbench	667581	189304	54.8	0.2	19
1675	1784113873	rviz	667863	229760	45.3	0.3	50
1675	1784113873	sim	667881	68336	40.7	0.1	19
1675	1784113873	rtabmap	667579	618664	38.4	0.9	20
1675	1784113873	map_products	667573	405336	48.0	0.6	19
1675	1784113873	mapping_manager	667575	65920	27.0	0.1	19
1675	1784113873	safety	667592	23780	1.4	0.0	19
1705	1784113903	workbench	667581	190624	55.2	0.2	19
1705	1784113903	rviz	667863	228012	45.4	0.3	50
1705	1784113903	sim	667881	68336	40.7	0.1	19
1705	1784113903	rtabmap	667579	623612	38.3	0.9	20
1705	1784113903	map_products	667573	405864	48.3	0.6	19
1705	1784113903	mapping_manager	667575	65920	26.9	0.1	19
1705	1784113903	safety	667592	23780	1.4	0.0	19
1736	1784113934	workbench	667581	190624	55.6	0.2	19
1736	1784113934	rviz	667863	232744	45.4	0.3	50
1736	1784113934	sim	667881	68336	40.6	0.1	19
1736	1784113934	rtabmap	667579	630024	38.2	0.9	20
1736	1784113934	map_products	667573	406392	48.5	0.6	19
1736	1784113934	mapping_manager	667575	65920	26.9	0.1	19
1736	1784113934	safety	667592	23780	1.4	0.0	19
1766	1784113964	workbench	667581	191944	56.0	0.2	19
1766	1784113964	rviz	667863	240188	45.5	0.3	50
1766	1784113964	sim	667881	68336	40.5	0.1	19
1766	1784113964	rtabmap	667579	632100	38.2	0.9	20
1766	1784113964	map_products	667573	406920	48.8	0.6	19
1766	1784113964	mapping_manager	667575	65920	26.8	0.1	19
1766	1784113964	safety	667592	23780	1.4	0.0	19
1797	1784113995	workbench	667581	191944	56.5	0.2	19
1797	1784113995	rviz	667863	235544	45.5	0.3	50
1797	1784113995	sim	667881	68512	40.5	0.1	19
1797	1784113995	rtabmap	667579	635964	38.0	0.9	20
1797	1784113995	map_products	667573	407448	49.1	0.6	19
1797	1784113995	mapping_manager	667575	65920	26.8	0.1	19
1797	1784113995	safety	667592	23780	1.4	0.0	19
1827	1784114025	workbench	667581	191944	56.8	0.2	19
1827	1784114025	rviz	667863	240116	45.6	0.3	50
1827	1784114025	sim	667881	68336	40.4	0.1	19
1827	1784114025	rtabmap	667579	641468	37.9	0.9	20
1827	1784114025	map_products	667573	407976	49.4	0.6	19
1827	1784114025	mapping_manager	667575	65920	26.7	0.1	19
1827	1784114025	safety	667592	23780	1.4	0.0	19
